"","id","activity_date","activity_name","elapsed_time","distance","moving_time","elevation_gain","elevation_low","elevation_high","meanLat_1","meanLat_2","meanLat_3","meanLat_4","meanLat_5","meanLon_1","meanLon_2","meanLon_3","meanLon_4","meanLon_5","cluster"
"1","335536409","Jun 29, 2015, 4:38:23 PM","Shiloh Trustees",1442,7.1,1403,52.0508003234863,27,144.399993896484,53.4520076391304,53.4466523608696,53.4377218130435,53.4322477304348,53.4297644478261,-1.41913406521739,-1.41516796956522,-1.39846497391304,-1.3786868826087,-1.36157093478261,6
"2","335712193","Jun 29, 2015, 8:08:36 PM","Return from Shiloh",1654,7.18,1642,136.621002197266,26.8999996185303,144.300003051758,53.430267372093,53.4322046085271,53.4345843268483,53.4431108054475,53.4504343385214,-1.3633146627907,-1.37989117829457,-1.39393037743191,-1.40739276264591,-1.41926387548638,6
"3","336332582","Jun 30, 2015, 5:00:11 PM","Evening Ride with Dave",6508,30.26,5648,333.144012451172,18.5,145,53.46775364,53.497512054359,53.5096209630769,53.507181268718,53.4739506225641,-1.43410084307692,-1.40985277128205,-1.35040592820513,-1.37079526051282,-1.40884212,9
"4","338793010","Jul 4, 2015, 9:38:04 AM","Saturday Morning Ride",6034,29.48,5908,321.856994628906,18.2999992370605,145,53.4656317537092,53.4945801315529,53.5085630979228,53.5054614128713,53.4731868821782,-1.43141091691395,-1.42137441641939,-1.35916812363996,-1.37234945148515,-1.40995238217822,9
"5","339533912","Jul 5, 2015, 8:51:58 AM","Morning Ride",8020,17.04,4061,204.253005981445,25.5,145,53.4482646491863,53.4318868390597,53.426752198915,53.4330845858951,53.4463643115942,-1.41482339059675,-1.3700808915009,-1.3601440994575,-1.38492082820976,-1.41276279528986,9
"6","341124883","Jul 7, 2015, 5:14:27 PM","Evening Ride",5957,33.46,5753,403.654998779297,43.5,144.800003051758,53.4677672086694,53.4962923830645,53.484077016129,53.4942597641129,53.4748818869828,-1.43672709879032,-1.40136715625,-1.42791950302419,-1.40945303326613,-1.40754727850656,9
"7","343549397","Jul 11, 2015, 8:18:03 AM","Morning Ride",3506,16.17,3142,145.875,28.8999996185303,130.899993896484,53.4612313108108,53.4728007640232,53.4938342901354,53.5020351798839,53.5068682263056,-1.42170753474903,-1.44525679883946,-1.43621858027079,-1.39773954932302,-1.36389651450677,5
"8","343719665","Jul 11, 2015, 12:52:31 PM","Afternoon Ride",3047,11.42,2717,203.100997924805,29,144.899993896484,53.5080887614458,53.4995039301205,53.4851023373494,53.4769351710843,53.4598136795181,-1.36390014216867,-1.38464568674699,-1.40052462168675,-1.41706466024096,-1.41686602891566,6
"9","345279640","Jul 13, 2015, 4:58:50 PM","Afternoon Ride",1678,8.01,1640,97.1392974853516,60.5,131,53.4585221964286,53.4636548607143,53.4687609642857,53.4793904535714,53.4882808535714,-1.4165119,-1.42577063571429,-1.44191819642857,-1.45067729285714,-1.43909754285714,6
"10","348152778","Jul 17, 2015, 5:05:10 PM","Evening Ride",4937,21.66,4110,282.661010742188,43.5,145.199996948242,53.4619992657343,53.4813118797203,53.500636986014,53.4959540587413,53.4670270056022,-1.42461312447552,-1.44372751328671,-1.40084998181818,-1.38897231468531,-1.41468143557423,5
"11","352183097","Jul 23, 2015, 7:33:46 AM","Morning Ride",5641,26.57,5078,322.877014160156,18.1000003814697,144.800003051758,53.4640930337602,53.4896417671711,53.5075984086147,53.5094704365541,53.4849678216783,-1.42876459953434,-1.43268921769499,-1.37751032712456,-1.35732710710128,-1.39985921561772,5
"12","353006005","Jul 24, 2015, 9:39:00 AM","Morning Ride to Opticians",13010,26.07,5482,217.59700012207,35.5,144.699996948242,53.4382228667439,53.3979672456547,53.3871523800695,53.4179582502897,53.4416939211137,-1.41585149710313,-1.44092779142526,-1.45770050753187,-1.41993926187717,-1.41371781670534,4
"13","356768048","Jul 29, 2015, 5:39:04 PM","Evening Ride",3786,19.12,3603,264.615997314453,43.2000007629395,144.800003051758,53.4614761453397,53.4802616635071,53.49781,53.4898894098101,53.4657249572785,-1.42353427962085,-1.44603921484992,-1.41056501579779,-1.39520642405063,-1.41648487974684,5
"14","358559914","Aug 1, 2015, 7:27:57 AM","Teacake Run with Mr Brown",12693,59.48,9552,302.694000244141,28,150,53.2580474786568,53.2519585737052,53.2570294860558,53.2489826300512,53.2588747579727,-1.22960508081958,-1.08094565452476,-0.992985647694935,-1.11779191633466,-1.24009471981777,2
"15","360849291","Aug 4, 2015, 7:33:12 AM","Morning Ride",3585,19.33,3554,266.111999511719,43.2999992370605,144.800003051758,53.4613641800948,53.4788445150079,53.4970363554502,53.4909633017378,53.4657021579779,-1.42465210742496,-1.4465364328594,-1.41289531753554,-1.39402447551343,-1.41598119747235,5
"16","362723922","Aug 6, 2015, 5:17:35 PM","Evening Ride",3646,19.15,3553,264.054992675781,43.2999992370605,145,53.461155071885,53.4779505766773,53.4963030591054,53.4928149792,53.4670957184,-1.42236973801917,-1.44637482428115,-1.41619742811502,-1.3930044016,-1.4154201088,5
"17","364035592","Aug 8, 2015, 7:31:17 AM","Morning Ride",14881,72.25,11213,337.682006835938,18,150,53.2554452817967,53.25102776974,53.2580271380615,53.2517767511826,53.2577155946074,-1.21638568605201,-1.03865678486998,-0.950685399527187,-1.07110704162725,-1.23150155723746,7
"18","367496769","Aug 12, 2015, 5:12:45 PM","Brown triple loop through Wentworth, Harley and Coaley with cleats for first time since August 2013",6281,33.39,5891,425.976379394531,43.4000015258789,144.800003051758,53.4681643874296,53.4962405187617,53.4848510234522,53.4934396679174,53.4751825314554,-1.43403659474672,-1.41043554502814,-1.42401736210131,-1.41240093245779,-1.40796165070423,9
"19","369375217","Aug 15, 2015, 7:44:08 AM","Teacake Run Solo",13682,65.04,11360,304.299987792969,28,150,53.2572252381418,53.2524299031785,53.2562198484108,53.2473755188264,53.2573099119804,-1.22642308410758,-1.06430331344743,-0.999010258679707,-1.13396939706601,-1.2393488591687,7
"20","373391713","Aug 20, 2015, 1:34:42 PM","Afternoon Ride",7209,35.58,6433,439.165008544922,43.2999992370605,144.800003051758,53.4682410362511,53.4957419938108,53.4838140548187,53.4924310132743,53.4761006123894,-1.4338069867374,-1.40652937400531,-1.41457494606543,-1.41737228495575,-1.4069328300885,9
"21","374695966","Aug 22, 2015, 7:40:47 AM","Morning Ride",13112,66.89,10191,321.364013671875,22,150,53.2556306078224,53.2526915581395,53.2476093625793,53.2516944016913,53.2572424452671,-1.2238542679704,-1.06157144714588,-0.969262975158562,-1.07981529281184,-1.23052358857747,2
"22","378039493","Aug 26, 2015, 4:55:51 PM","Afternoon Ride",6369,34.38,6019,429.234985351562,43.4000015258789,145.899993896484,53.4678996134216,53.4965358533586,53.4850452298959,53.4936732090823,53.4754053131504,-1.43368710869565,-1.4077557076632,-1.42307364900662,-1.41177316367077,-1.40758250047304,9
"23","379937750","Aug 29, 2015, 7:31:42 AM","Teacake Run - first ride in Bunch",14579,72.15,10369,332.101989746094,17.8999996185303,150,53.2551645245902,53.2522524139344,53.2555400210149,53.253096227063,53.2540159964121,-1.22127731864754,-1.04940311065574,-0.951969974884674,-1.0513395084572,-1.22041550025628,7
"24","384859255","Sep 4, 2015, 5:12:42 PM","Evening Ride",5560,33.74,5533,424.678009033203,43.2999992370605,146,53.4687177974181,53.4964633992056,53.4846376186693,53.4941702363456,53.4744733346574,-1.43443997914598,-1.40658650347567,-1.42510299503476,-1.41008780834161,-1.40822814796425,9
"25","385270046","Sep 5, 2015, 7:58:46 AM","Morning Ride",14310,73.13,10907,339.585998535156,17.8999996185303,150,53.2543038681092,53.2499599608247,53.2607804164948,53.2516352597938,53.2583602304124,-1.21187954765585,-1.02954823195876,-0.950017407216495,-1.07596772783505,-1.23343531443299,7
"26","389333893","Sep 10, 2015, 4:42:20 PM","Afternoon Ride",5995,36.46,5931,465.497009277344,43.5999984741211,145,53.4785499428027,53.490392491897,53.4915792183031,53.4882503279314,53.4689054680648,-1.41679639370829,-1.4035327693041,-1.42313702764538,-1.40828408007626,-1.43407907626311,9
"27","391601221","Sep 13, 2015, 4:14:24 PM","Sunny Evening Ride to Ingbirchworth",6785,46.7,6699,548.888977050781,73.0999984741211,263.399993896484,53.4588873581357,53.4986532837285,53.5423413515944,53.5156980686836,53.4625006868356,-1.46379851022077,-1.55459774243663,-1.64554627800491,-1.58167066802944,-1.47365977023712,9
"28","395235514","Sep 19, 2015, 7:08:31 AM","Morning Ride to Ingbirchworth",8027,46.95,7622,566.195007324219,72.9000015258789,263.399993896484,53.4600155024735,53.5000963194346,53.54275227157,53.5195008189533,53.4636681350778,-1.46895741908127,-1.55662905724382,-1.64640389674682,-1.59021534936351,-1.47599403889675,10
"29","396170642","Sep 20, 2015, 8:07:56 AM","Ride to the Hub Christian Community",1838,7.62,1387,62.1067008972168,27,144.899993896484,53.4520653009259,53.4479206666667,53.4386688101852,53.4314247546296,53.4266474722222,-1.41899113888889,-1.41804201851852,-1.39986496296296,-1.37942490740741,-1.35980483333333,6
"30","397235213","Sep 21, 2015, 4:46:14 PM","Evening Ride to Len's",4473,20.26,3727,282.796997070312,27,144.800003051758,53.4461493016453,53.427600492674,53.4148479010989,53.4307157527473,53.4447341941392,-1.41187817367459,-1.36384041025641,-1.34186058791209,-1.37547276923077,-1.41027388461538,5
"31","400486730","Sep 26, 2015, 7:46:09 AM","First Majorcan Ride with Karola",21006,42.58,11575,223.287994384766,-2.29999995231628,57.9000015258789,39.8745224948578,39.8728504903148,39.8535077506053,39.8508320060533,39.8751707996368,3.06602185601936,3.02483960532688,3.06569346004843,3.12030713983051,3.09146047215496,1
"32","401289293","Sep 27, 2015, 8:17:17 AM","First Majorcan ride with Mick & Dave",17116,88.83,13123,479.588989257812,-3.20000004768372,183.5,39.8452619510269,39.7429896724615,39.6889807242197,39.7661245381272,39.852150584354,3.08512440402844,3.00208567285658,2.86984530146187,2.92772520387199,3.03736117502963,7
"33","402108984","Sep 28, 2015, 8:20:12 AM","Majorcan Day ride with Karola",20732,57.39,13877,354.721984863281,-3.29999995231628,128.600006103516,39.8658946142656,39.7986639657438,39.7728115190052,39.8248906841858,39.8739234309859,3.04695724870953,2.97530587799155,3.02068537212576,3.10874854997654,3.09572528685446,1
"34","402706531","Sep 29, 2015, 7:19:26 AM","Morning Ride inc Coll de sa Batalla – Cat 2 / 7.9km / 5%",15422,64.66,11581,1177.69995117188,0,595.299987792969,39.8589275884354,39.7865650014584,39.7869701507049,39.8427118094312,39.8782014389888,3.03978676141885,2.94999802090423,2.8976846023335,2.90699065046184,3.0228004030141,7
"35","405483697","Oct 3, 2015, 12:51:47 PM","Afternoon Ride to Ingbirchworth with a stop at the Wortley Arms ont way home",12032,49.07,8359,588.866027832031,73.0999984741211,263.399993896484,53.4599645683789,53.5017820567045,53.5429713618158,53.5139967396529,53.4602099886515,-1.46821602801868,-1.5591801814543,-1.64713882242991,-1.57972186982644,-1.4603168965287,4
"36","406702201","Oct 5, 2015, 6:33:46 AM","Morning Commute in Rain!",2373,9.9,2004,68.3972015380859,33.2999992370605,144.600006103516,53.4513573594771,53.4404400849673,53.4227110098039,53.4098294032787,53.3975705147541,-1.42000359477124,-1.41208874509804,-1.41680799673203,-1.41772920983607,-1.42475292131148,6
"37","406942082","Oct 5, 2015, 4:28:48 PM","Afternoon Ride to Shiloh",1537,7.23,1448,10.5683002471924,24.8999996185303,57.7999992370605,53.3962541784038,53.4063913239437,53.4146213474178,53.4185398679245,53.4242437688679,-1.42608763849765,-1.41418788732394,-1.40135444131455,-1.38383997641509,-1.36458868396226,6
"38","407070844","Oct 5, 2015, 8:00:47 PM","Night Ride back from Shiloh",1538,6.92,1461,140.930999755859,27,144.300003051758,53.4295245272727,53.4323198227273,53.4357002545455,53.4442957045455,53.4511457031963,-1.36664221363636,-1.38314674545455,-1.39600751363636,-1.40997106363636,-1.4191781826484,6
"39","410199286","Oct 10, 2015, 3:56:56 PM","Short Afternoon Ride after 10m Walk with 11 Schnauzers",3193,16.86,2891,166.033996582031,36.5,144.800003051758,53.4493106795367,53.4578648783784,53.4732578783784,53.4827068938224,53.4838918648649,-1.41447154247104,-1.37606803474903,-1.38341021235521,-1.42136838610039,-1.44221537065637,6
"40","410785562","Oct 11, 2015, 11:21:07 AM","Lunch Ride",6345,31.68,5741,412.691009521484,36.2000007629395,144.800003051758,53.4531343423256,53.4755129478585,53.4956968072626,53.4854759264432,53.4716042774674,-1.39691937860465,-1.38338195996276,-1.4057884264432,-1.42063400651769,-1.42327083147114,9
"41","412830720","Oct 14, 2015, 8:04:18 AM","Morning Ride",15571,72.45,11564,322.044006347656,17.8999996185303,150.300003051758,53.2538800763569,53.2496700717571,53.2606505459982,53.251270800828,53.2589818482061,-1.21055987534499,-1.0283002700092,-0.950776609475621,-1.08101689880405,-1.2353031200552,7
"42","415217966","Oct 18, 2015, 8:31:20 AM","Morning Ride to Church",1248,7.44,1245,55.6974983215332,27,144.899993896484,53.4522228719212,53.4487279359606,53.4396119655172,53.431851408867,53.4259254285714,-1.41752945812808,-1.41973622167488,-1.40110860098522,-1.38206154679803,-1.36284222167488,6
"43","415402779","Oct 18, 2015, 11:53:41 AM","Lunch Ride from Church",1770,7.74,1700,131.753005981445,27,144.399993896484,53.4275880571429,53.4316034816327,53.4357454795082,53.4441998442623,53.4506474795082,-1.36178787346939,-1.38007220408163,-1.39589505737705,-1.4096765204918,-1.41936345491803,6
"44","418500604","Oct 23, 2015, 7:25:18 AM","Morning Ride to RMBC, Riverside House",6625,13.11,2595,192.199005126953,27,144.699996948242,53.4502640434783,53.4362128564103,53.4300318666667,53.4359033589744,53.4485615871795,-1.41905560102302,-1.39321721794872,-1.36948924358974,-1.39463076666667,-1.41644542820513,5
"45","419307490","Oct 24, 2015, 1:18:13 PM","First Ride on new Bike",7502,28.51,4929,369.899993896484,43.2000007629395,145,53.464361405618,53.4931060764904,53.4887389910011,53.4975538807649,53.4714595230596,-1.4296698752809,-1.42518189313836,-1.3997594848144,-1.40123007536558,-1.41098595050619,9
"46","421347382","Oct 27, 2015, 2:25:09 PM","Afternoon Ride",5326,29.51,4933,407.321014404297,36.0999984741211,145.100006103516,53.4522622631004,53.4833150185792,53.4905165781421,53.4974989519126,53.4721444896175,-1.39957099454148,-1.36884466120219,-1.39652146120219,-1.40301598251366,-1.41046823278689,5
"47","423594760","Oct 31, 2015, 9:05:18 AM","Morning Ride",13643,72.33,10173,345.273010253906,18,150,53.2560290071611,53.2747793805627,53.2782329846547,53.2516792102302,53.257755057289,-1.22317064654731,-1.05874141892583,-0.959176351918159,-1.07338723836317,-1.23111950332481,2
"48","425739176","Nov 3, 2015, 1:58:27 PM","New ride to Oxspring & Penistone",7603,39.91,6955,532.036010742188,73.1999969482422,263.299987792969,53.4582234616027,53.4887033722871,53.5247614924875,53.5058772896494,53.4604616725146,-1.46057680467446,-1.53946755008347,-1.61288735225376,-1.56465301919866,-1.46707840517962,9
"49","428099159","Nov 7, 2015, 12:43:57 PM","Ride while the sun's out!",6820,35.24,6171,424.31298828125,43.2000007629395,145.300003051758,53.4677420351803,53.4956699823944,53.4909512737676,53.4869037931338,53.4647678653169,-1.43301086983289,-1.40645616197183,-1.40826639084507,-1.41293210475352,-1.43634097711268,9
"50","432444951","Nov 14, 2015, 9:10:15 AM","Morning Ride",14863,79.11,11820,406.386993408203,18,150,53.2444963447968,53.1889648526128,53.2521122569258,53.2522838766756,53.2569667296694,-1.22026814515409,-1.0653747891916,-0.950923442359249,-1.05724991510277,-1.2274181510277,7
"51","440755712","Nov 28, 2015, 9:01:05 AM","Morning Ride with puncture",14825,72.62,11157,321.183013916016,17.8999996185303,150,53.2581115977284,53.2497678334122,53.2606136128727,53.2514423099858,53.2573693535258,-1.19758475485092,-1.02138742356839,-0.951622180312352,-1.07721864458116,-1.23053674207288,7
"52","444157417","Dec 4, 2015, 11:58:18 AM","Lunch Ride",9920,33.82,6018,403.223999023438,43.2000007629395,145.199996948242,53.4672739411206,53.4962777483381,53.4895972127255,53.4893589126306,53.4681835612536,-1.43331730864198,-1.41003392212726,-1.40876229344729,-1.39998780246914,-1.43302998670465,4
"53","452163610","Dec 18, 2015, 11:47:44 AM","Lunch Ride",7402,35.06,6531,451.752014160156,35.9000015258789,145,53.4546251606987,53.4902171179039,53.491943571179,53.4870043347902,53.4696241363636,-1.39358087510917,-1.37842041921397,-1.40802129956332,-1.41200794755245,-1.43518388898601,9
"54","454043287","Dec 19, 2015, 9:10:46 AM","Morning Ride",20075,60.61,10644,285.227996826172,28,150,53.2572369883165,53.2517418395324,53.257301335813,53.2471336795962,53.2601271758767,-1.23162291874668,-1.07737360945802,-0.989573774176408,-1.11931332837407,-1.24422713283741,1
"55","454968967","Dec 23, 2015, 9:03:33 AM","Morning Ride",16714,73.14,12200,317.334014892578,18,150,53.2551098297499,53.2495262549364,53.2604757783143,53.2507754951712,53.2566611852502,-1.21518090829311,-1.02980240280825,-0.953944816944688,-1.0833012309043,-1.23366541000878,7
"56","458606791","Dec 29, 2015, 10:13:51 AM","Morning Ride",8313,27.62,5226,384.028015136719,36,145,53.4476412784223,53.4676580986079,53.4945786492451,53.4840574552845,53.4649181986063,-1.41044765545244,-1.36956321229698,-1.3835603554007,-1.43053408478513,-1.43013319512195,9
"57","459969075","Dec 31, 2015, 8:24:44 AM","Morning Ride",15673,75.11,12117,428.230010986328,33.7999992370605,150,53.2464287477718,53.18816619572,53.2100085684351,53.2377896892555,53.2669662661614,-1.22446532130125,-1.08503495140437,-1.02357507400802,-1.12596334997771,-1.25316565448061,7
"58","471513098","Jan 16, 2016, 10:51:49 AM","Morning Rideto Ingbirchworth",12865,49.88,8604,583.367980957031,60.4000015258789,263.399993896484,53.4609157206266,53.5026228152742,53.5429365130548,53.5084854386423,53.4651229510444,-1.47176215143603,-1.56045860443864,-1.64725068733681,-1.56990418537859,-1.45295382245431,2
"59","488077306","Feb 7, 2016, 1:25:18 PM","Afternoon Ride with Shower",4156,20.7,4028,251.949005126953,36.2999992370605,144.5,53.4502655633188,53.4632676666667,53.478257713246,53.4838837463557,53.4593616690962,-1.41245173944687,-1.37301205822416,-1.40312236681223,-1.4442332361516,-1.4325846122449,5
"60","504494325","Feb 28, 2016, 11:03:31 AM","Oh those hills! Amazing new ride, if not a bit hilly.",12051,42.32,10186,826.751403808594,73.1999969482422,364.200012207031,53.4577979834938,53.4375534445974,53.4449896978665,53.4767170818995,53.4619284707502,-1.46048206602476,-1.52380411699931,-1.59402465588438,-1.57128363110805,-1.47100817136958,2
"61","533602004","Apr 2, 2016, 10:31:26 AM","1st Teacake Run of 2016",13634,72.8,12070,317.899993896484,18,150,53.2544226392378,53.2494471520797,53.2592966213172,53.2506744757366,53.2605727833622,-1.21438722737116,-1.02864175693241,-0.954972561958406,-1.10064996923743,-1.24174542157712,7
"62","540005628","Apr 9, 2016, 8:06:28 AM","Morning Ride",14594,73.37,11139,317.511993408203,17.8999996185303,150,53.2534014527947,53.2497260718647,53.2592827106623,53.2504748384218,53.2592653284774,-1.21087065147957,-1.02714641709723,-0.957488869422264,-1.1035797012682,-1.23962295488722,7
"63","546935308","Apr 16, 2016, 8:04:41 AM","Morning Ride with Hail",14608,76.54,11383,365.826995849609,18,159.5,53.2641373396752,53.2680393322506,53.2868382446611,53.2510458509749,53.2591986866295,-1.23046874709977,-1.07369728538283,-0.958210361652739,-1.07578996564531,-1.23811917038069,7
"64","551518624","Apr 20, 2016, 4:27:07 PM","Spring Evening Ride",5360,28.8,4978,331.739013671875,36.2000007629395,144.699996948242,53.451878276958,53.4720382167991,53.4959089455165,53.4843647306818,53.4653977772727,-1.400320861521,-1.38522920658343,-1.40777803291714,-1.41288072272727,-1.43056657954545,5
"65","554145451","Apr 23, 2016, 8:01:44 AM","Teacake Run with With 26 Personal Records",11312,78.27,10731,391.903015136719,18,150,53.242218191355,53.1883849286061,53.2545571291889,53.2516434434191,53.2586597891156,-1.21609139339485,-1.05898800922778,-0.9514805026712,-1.06691005439534,-1.23244308114674,2
"66","556662324","Apr 24, 2016, 8:26:23 AM","Morning Ride",3495,7.98,1698,51.3932991027832,27,144.399993896484,53.4519846902655,53.4467480840708,53.4384117288889,53.4314986888889,53.4257665377778,-1.4192073539823,-1.41538207964602,-1.39910132,-1.37945805333333,-1.35924030666667,6
"67","558111494","Apr 27, 2016, 8:39:14 AM","4 Seasons in One Day on new Route",9031,46.81,8177,498.290008544922,21,145,53.4591130933425,53.4955066218257,53.5269804237637,53.4870316325549,53.4725257740385,-1.39079175360329,-1.40025543788607,-1.35895254052198,-1.41712799862637,-1.43258018887363,10
"68","560807722","Apr 30, 2016, 8:02:56 AM","Super Sunny Ride punctuated with slight argument with the Tarmac!",14812,77.97,11694,391.045013427734,18.1000003814697,150,53.2413465223881,53.1930256928991,53.2584407131222,53.2507373239819,53.2580666,-1.21477649027589,-1.04770491270918,-0.952939039819005,-1.08587740135747,-1.23419002443439,7
"69","568176417","May 7, 2016, 7:53:15 AM","Morning Ride",10726,75.44,10287,363.878997802734,18,159.699996948242,53.2537347552269,53.2772932039776,53.274665291178,53.2511553753187,53.2677096178571,-1.21684889597144,-1.05180609790923,-0.961850265680775,-1.09803484803672,-1.23929989846939,2
"70","583004027","May 21, 2016, 8:09:32 AM","Morning Ride",11681,76.26,11171,384.623992919922,13.8999996185303,159.800003051758,53.3128941163332,53.3553670632853,53.2983377654723,53.2531399725326,53.2570835246741,-1.21711774406701,-1.06072445742206,-0.955203526291298,-1.05027637430168,-1.22732401815642,2
"71","584120173","May 22, 2016, 8:48:28 AM","Morning Ride to the Hub Church",1248,7.42,1203,53.2167015075684,27,144.699996948242,53.4520318133971,53.4471328564593,53.4378219665072,53.4312544471154,53.4270395048077,-1.41915826315789,-1.4162750430622,-1.39857327272727,-1.37758032692308,-1.35928720192308,6
"72","597951514","Jun 4, 2016, 8:02:26 AM","Morning Ride",10997,72.39,10282,317.096008300781,18,150,53.2545704443304,53.2507024597229,53.2590903047717,53.2515441858316,53.2575624199179,-1.21459096511031,-1.03481782709082,-0.949733494612622,-1.07237415862423,-1.22987342094456,2
"73","600776525","Jun 6, 2016, 5:05:35 PM","Wentworth loops, Old Moor and Wath",7065,40.05,6677,407.421997070312,18,145.100006103516,53.4563221922141,53.4895594853896,53.5102060016234,53.4899621258117,53.4735199155844,-1.39217046715328,-1.40479045211039,-1.36095624512987,-1.4054486737013,-1.42724603733766,9
"74","603736761","Jun 9, 2016, 10:23:21 AM","New ride to Upper and Lower Denby with stop at Wortley Farm Shop. Glorious.",10568,52.25,8880,652.349975585938,72.9000015258789,269.399993896484,53.4628349526216,53.5158602716361,53.5581891433986,53.5238006620341,53.4656815828066,-1.47795841503474,-1.58442645609602,-1.63359084965256,-1.58845395388503,-1.48046261125158,10
"75","605707619","Jun 11, 2016, 8:05:13 AM","Morning Ride",10757,72.36,10129,318.046997070312,18,150.300003051758,53.2554076167355,53.2522375751938,53.2561665395349,53.2520100832041,53.256451850646,-1.21897295092975,-1.04423850439276,-0.951528139018088,-1.06377778397933,-1.22916732816537,2
"76","613717866","Jun 19, 2016, 6:27:45 AM","Sunday morning ride before church",8314,45.04,7280,392.835998535156,-0.5,165.899993896484,50.9545109628195,50.8973317900852,50.8777317498064,50.9160136379845,50.9595194186046,0.733215646010844,0.695131449264136,0.647335119287374,0.709038042635659,0.727424819379845,10
"77","616160829","Jun 21, 2016, 12:49:38 PM","Afternoon Ride with Mum, Dad, Jayne, Ian and Karola",8734,22.98,5524,22.0107002258301,0,13.3999996185303,50.9313831328502,50.9353322741546,50.9476712801932,50.941996384058,50.9318351777509,0.813535729468599,0.860066664251208,0.895742398550725,0.879842640096618,0.820606128174123,9
"78","617141160","Jun 22, 2016, 8:39:34 AM","Morning Ride",12568,38.53,7598,60.4981994628906,-0.400000005960464,47.5,50.9869758659717,51.0266815938897,51.0182187198212,51.0215268599106,50.9799515119225,0.754342162323157,0.812788773472429,0.85485606780924,0.790959979880775,0.749166523845007,4
"79","618165069","Jun 23, 2016, 9:43:01 AM","Morning Ride with Sis and Ian to Dungeness Nuclear Power Station",6764,28.27,5811,34.0060997009277,0,47.4000015258789,50.9653579770554,50.9439650554493,50.9318100650096,50.9455151166348,50.9286122992352,0.742418271510516,0.76965545124283,0.833356393881453,0.900006316443595,0.951394273422562,9
"80","621898162","Jun 25, 2016, 8:01:59 AM","Morning ride to Bothamsall",13576,75.76,10025,394.125,15.8000001907349,159.699996948242,53.2531722782341,53.2796051746276,53.2818667986646,53.2276886610169,53.2655643631228,-1.21333447433265,-1.04879614997432,-0.957139588597843,-1.11087579506934,-1.24275271083719,2
"81","627391659","Jul 2, 2016, 8:00:57 AM","Morning Ride",11749,77.67,10919,384.118011474609,18,150,53.2538097206166,53.2492234417148,53.2586617283237,53.2576567185542,53.2557870255422,-1.21114578516378,-1.02039075192678,-0.966687984104046,-1.07535050120482,-1.22834186168675,2
"82","635024366","Jul 9, 2016, 8:12:46 AM","There were only 4, then 3. Very wet!",14205,72.1,11161,317.544006347656,18,150,53.2545875257974,53.2508072190432,53.2579838208255,53.2513558540591,53.2579861482872,-1.2180095750469,-1.03952271998124,-0.952092167448405,-1.07964038291882,-1.23312145049273,7
"83","636618892","Jul 10, 2016, 9:26:33 AM","Ride through Clumber with Karola",15200,48.84,10036,239.488998413086,28,128.600006103516,53.2436567818077,53.2551284289004,53.2554573569372,53.2533626503456,53.2434448652074,-1.18618884168106,-1.06251844156592,-0.985646772020725,-1.07378761578341,-1.19548609735023,7
"84","637762580","Jul 11, 2016, 5:21:07 PM","New Evening Ride with Mr Brown",8374,45.67,7620,566.864013671875,14.1000003814697,144.199996948242,53.4824833850616,53.5383587251632,53.5530515076142,53.494715035533,53.4535144238026,-1.41251242349529,-1.34614794778825,-1.27604025163162,-1.31580616243655,-1.38865817851959,10
"85","645452155","Jul 18, 2016, 5:18:10 PM","Evening Ride to Hooton Pagnell and the Windmills",9777,53.22,9047,572.797973632812,14,145,53.4616752305825,53.5082208561893,53.558831177292,53.5165108615665,53.4847761044323,-1.39227460012136,-1.38731185800971,-1.29941819854281,-1.29926308925319,-1.39697889010322,10
"86","649614284","Jul 22, 2016, 7:29:18 AM","Guided rides around Oslo with Karola",11498,16.59,7096,133.408004760742,1.89999997615814,156.800003051758,59.958072421875,59.9579361306818,59.9348434090909,59.9224775775249,59.9135896244666,10.7688795511364,10.7691036676136,10.7596878678977,10.7512970355619,10.7582356315789,4
"87","650782001","Jul 23, 2016, 9:30:08 AM","Ride to Bygdoy and Peninsula with Karola",11309,16.84,5744,125.001998901367,-3.70000004768372,37.2999992370605,59.9123979645293,59.9085076530055,59.9008440737705,59.9060432185792,59.9126560259563,10.7101275634379,10.6889008497268,10.6861414808743,10.6717452445355,10.7073000409836,4
"88","658337874","Jul 30, 2016, 8:07:38 AM","Morning Ride",11859,71.67,10014,341.710998535156,18,150,53.2552965940647,53.2770148251192,53.2761503603604,53.2514738129306,53.2579861139375,-1.2184696136725,-1.05276804716481,-0.959001884472708,-1.07644732697403,-1.23243856332803,2
"89","661234034","Aug 1, 2016, 5:47:55 PM","Evening Ride after day in't Smoke",6514,40.07,6310,458.001007080078,36.2000007629395,144.800003051758,53.4711091297209,53.494188989318,53.4863840057519,53.4893125472473,53.4528045538209,-1.43426918308703,-1.40125541741989,-1.43139986688578,-1.39189444782251,-1.39473829334429,9
"90","663448725","Aug 3, 2016, 5:40:14 PM","Blustery Evening Ride",5002,29.94,4850,330.122009277344,36.2999992370605,145.100006103516,53.4524697097826,53.4750219630435,53.4972889152174,53.4705688413043,53.4503410087051,-1.39942637173913,-1.3938259826087,-1.40011180217391,-1.38366014782609,-1.40338774319913,5
"91","677238167","Aug 15, 2016, 4:43:44 PM","Evening Ride to the Windmills, with uhum, suspected fractured humorous",7783,46.67,7286,531.68798828125,73.1999969482422,263.100006103516,53.4595032170151,53.5000206467195,53.5428689560202,53.5132923655371,53.460876664744,-1.46720745133381,-1.55671790771449,-1.64733949315068,-1.57725784643115,-1.46777480028839,10
"92","729956177","Sep 30, 2016, 3:50:07 PM","1st Post Fracture Ride",3833,19.19,3568,249.84700012207,43.7000007629395,145.300003051758,53.4619521067504,53.480749077044,53.4984477515723,53.4916140644654,53.4664227248428,-1.42490589795918,-1.44530440880503,-1.40921092295597,-1.3931309245283,-1.41544531761006,5
"93","730665117","Oct 1, 2016, 8:11:08 AM","Morning Ride",13429,67.31,10315,302.518005371094,22,150,53.25453824961,53.2516611050989,53.2500457023933,53.2511207278876,53.2598871925078,-1.21609469578783,-1.04188999167534,-0.97169700364204,-1.09572716753382,-1.23840685431842,2
"94","731590539","Oct 2, 2016, 8:40:56 AM","Morning Ride",1405,7.7,1241,55.3633003234863,27.1000003814697,144.800003051758,53.4521926124402,53.4470511057692,53.4371238413462,53.4309309038462,53.4268000144231,-1.41798320095694,-1.41602943269231,-1.39721487980769,-1.37576176923077,-1.35914663942308,6
"95","745374270","Oct 15, 2016, 11:39:25 AM","Lunch Ride to Marr",9765,46.1,8951,552.034973144531,14,131.699996948242,53.4849213729352,53.541308843075,53.5501988119441,53.505741998094,53.4750366473952,-1.4101308252859,-1.3428926429479,-1.27435266581957,-1.32902988119441,-1.39597194599746,10
"96","752250394","Oct 22, 2016, 8:06:50 AM","Morning Ride",13942,72.61,10682,339.761993408203,18,150,53.2535571275234,53.2783667011324,53.2748146223535,53.2511462909897,53.2596776034483,-1.21568688577056,-1.04865752929591,-0.959900195470212,-1.0877570014771,-1.23733393448276,7
"97","759207863","Oct 29, 2016, 8:04:17 AM","Morning Ride",15526,81.69,12141,384.571990966797,11.6000003814697,150,53.2539191440566,53.2964633778171,53.3028786866991,53.2517268138815,53.2580846441202,-1.20517736367654,-1.01422692001768,-0.930420068935042,-1.06554284482759,-1.23255584748011,7
"98","766475529","Nov 5, 2016, 9:05:21 AM","Morning Ride",13973,72.59,10902,316.799987792969,17.8999996185303,150,53.2532518830097,53.2493036474017,53.2620439499757,53.2512286138902,53.259246002914,-1.20576812038835,-1.02094220543953,-0.95040501651287,-1.08281644147644,-1.23651231811559,7
"99","773296563","Nov 12, 2016, 12:34:10 PM","Lunch Ride",11025,46.71,7550,536.721008300781,73.1999969482422,272.399993896484,53.4590709048991,53.4950210684932,53.5407119495314,53.5218091903389,53.4626969560202,-1.46500881268012,-1.54852830136986,-1.63822570944484,-1.59636433669791,-1.47337783201154,4
"100","779747083","Nov 19, 2016, 10:10:05 AM","Morning Ride with Windmills and Mr Brown",11614,61.15,10457,604.507019042969,12,145,53.4553784594017,53.5147562355769,53.5949110363248,53.5630963926282,53.4889984727564,-1.37194436698718,-1.25800808600427,-1.26746584882479,-1.35410296153846,-1.39335092467949,2
"101","785961347","Nov 26, 2016, 9:58:03 AM","Misty & Sunny Morning Ride with Mr Brown",9049,46.72,7603,538.346008300781,73.1999969482422,271.600006103516,53.4597789120172,53.4998915350501,53.5431389606581,53.5178532989986,53.4628545937053,-1.46792466380544,-1.55624346781116,-1.64499641559371,-1.58632113876967,-1.47420700715308,10
"102","798516843","Dec 10, 2016, 9:55:01 AM","Morning Ride",12718,46.6,7721,525.107971191406,72.9000015258789,272.5,53.4595651201413,53.4988172190813,53.5423627121641,53.5192815700141,53.4629719943423,-1.46717428056537,-1.55444108975265,-1.64243458769448,-1.59012471499293,-1.47390251131542,4
"103","804504957","Dec 17, 2016, 9:02:00 AM","Christmas Lunch Ride with 15 others",15207,59.77,9858,272.760986328125,28,150,53.2565697137233,53.251274451631,53.2572726212718,53.2494738294879,53.2600306668542,-1.22980160123735,-1.0802412727784,-0.988128248171075,-1.11089107484524,-1.24025199155881,7
"104","811790656","Dec 26, 2016, 11:26:56 AM","Exploring near Mum and Dad's",7818,21.06,5144,138.699996948242,85.9000015258789,164,52.6020645233023,52.6280346573333,52.6313381613333,52.6127773106667,52.5936073746667,-1.8173259840213,-1.80839714933333,-1.802622952,-1.82855789733333,-1.83251816133333,9
"105","818879072","Jan 2, 2017, 9:43:19 AM","Morning Ride",6561,31.71,5951,128.156005859375,31.7999992370605,151.199996948242,53.2693913851992,53.2420425142315,53.244094313093,53.2634281823362,53.2792421785375,-1.25641840607211,-1.20305681593928,-1.11817140417457,-1.04523864007597,-1.05466147863248,9
"106","870597745","Feb 18, 2017, 8:58:23 AM","Morning Ride with Dave's Birthday",14453,72.06,10975,366.606994628906,17.7000007629395,150,53.2545962103746,53.281146060999,53.2728678169149,53.2503050836136,53.2577514300817,-1.21369925744476,-1.03878123679155,-0.958162535800096,-1.08871329745315,-1.23604368284479,7
"107","895756671","Mar 11, 2017, 8:54:20 AM","Morning Ride with Puncture",13511,72.01,11229,365.278015136719,17.7000007629395,150,53.2546293204706,53.2846177057439,53.2791391873823,53.251339329096,53.2576808578154,-1.21443042682353,-1.03798077919021,-0.954799788135593,-1.07910155602637,-1.23501436205273,2
"108","900144038","Mar 14, 2017, 5:09:30 PM","First Evening Ride of 2017",4981,23.44,4318,282.260986328125,35.9000015258789,146.800003051758,53.4512182694764,53.4680595920716,53.4859375971867,53.4971445831202,53.4691417480818,-1.4062506091954,-1.37566422250639,-1.41485506649616,-1.39361854475703,-1.41353234782609,5
"109","904730533","Mar 18, 2017, 9:02:32 AM","Breezy Morning Ride",13943,71.67,11149,365.671997070312,17.7000007629395,150.600006103516,53.2551706842105,53.2841730915126,53.2701742825984,53.2501333783784,53.2584125533428,-1.21511883072546,-1.03710832242769,-0.965171409672831,-1.09669998719772,-1.23713756235183,7
"110","906525786","Mar 19, 2017, 3:20:23 PM","Sunday Afternoon Ride",5309,28.02,5229,350.143005371094,19.7999992370605,146.800003051758,53.4421592413431,53.4513893599161,53.4739594354669,53.4778531869748,53.4695217657563,-1.39466175865687,-1.30500647429171,-1.31799267051417,-1.37927940756303,-1.41605331407563,5
"111","912720665","Mar 24, 2017, 4:58:07 PM","First Ride on New Bike",4159,24.91,4061,284.319000244141,35.9000015258789,146.600006103516,53.4508800208914,53.466835545961,53.485894862117,53.4966196768802,53.4682036722455,-1.40762847493036,-1.37485876183844,-1.41495737047354,-1.39384981337047,-1.41397505997211,5
"112","913654735","Mar 25, 2017, 9:07:07 AM","Morning Ride",12383,72.97,11284,344.873992919922,18.5,151,53.2550313755869,53.2506386328638,53.2581260619718,53.2514574694836,53.2578387657277,-1.21754254788732,-1.03698002535211,-0.951002988732394,-1.07713757887324,-1.23236382159624,2
"113","923137987","Apr 1, 2017, 8:01:57 AM","Morning Ride",12330,72.23,11043,356.343994140625,17.7000007629395,150,53.2548570983133,53.277737213012,53.2773771686747,53.2515323375121,53.2575604773385,-1.21769672337349,-1.05091258554217,-0.957572651566265,-1.07298505930569,-1.23044368707811,2
"114","931671785","Apr 7, 2017, 8:42:53 AM","Breezy Morning Ride b4 Bike Fit",14653,72.22,11747,344.696990966797,18.5,150.399993896484,53.2538126494845,53.2493501430493,53.2607175049327,53.2509643004484,53.2591423156951,-1.20641706947557,-1.01924403452915,-0.956009349775785,-1.0959362058296,-1.23734912197309,7
"115","932877262","Apr 8, 2017, 7:58:10 AM","Morning Ride",13860,71.79,10441,355.651000976562,17.7000007629395,150,53.2544616381284,53.2805494320558,53.2728368969637,53.2509283261952,53.2586290886454,-1.21399424738676,-1.0424868889995,-0.961307478347437,-1.09372725747012,-1.23550026543825,2
"116","936521673","Apr 10, 2017, 5:18:56 PM","Evening Ride",1295,5.85,1246,97.7399978637695,59.7000007629395,135.699996948242,53.4576332883721,53.4639261448598,53.4604531495327,53.4532928364486,53.4527580514019,-1.41631893488372,-1.42203447663551,-1.43299219626168,-1.42989867757009,-1.41634860747664,6
"117","946237996","Apr 17, 2017, 10:03:49 AM","New route: Upper Denby, Sculpture Park, Silkstone and Cawthorne",15864,72.54,13214,943.012023925781,59.7000007629395,264,53.4721796147611,53.5458761663823,53.6000478737201,53.5474286363636,53.473254108408,-1.49833555588737,-1.62952418686007,-1.58092068856655,-1.56162515407597,-1.48040176099018,7
"118","954618166","Apr 23, 2017, 12:00:49 PM","Ride with Karola to Cala de St. Vincenc",5007,18.15,3738,117.151000976562,0.200000002980232,41.0999984741211,39.9007134911147,39.901857996769,39.9181326235864,39.9004842924071,39.9003550468498,3.06447725848142,3.03844321970921,3.05143472536349,3.03876366558966,3.06702350565428,5
"119","956382070","Apr 23, 2017, 2:15:26 PM","Afternoon Ride with Karola",3460,11.11,2277,10.5348997116089,-2.09999990463257,9,39.8836675414508,39.8662611839378,39.8636764857143,39.8823937116883,39.8979181974026,3.0778696761658,3.09118786010363,3.09411762337662,3.08074758961039,3.07735678961039,6
"120","956382778","Apr 24, 2017, 7:32:29 AM","Morning Ride",26219,113.76,17388,594.525024414062,-2.29999995231628,166,39.8355203947531,39.7253302675926,39.6376535893794,39.7172243433158,39.8437323618401,3.07961212623457,3.09185023796296,3.00582444211176,2.94423588175363,3.02666320006175,3
"121","957539920","Apr 25, 2017, 8:05:15 AM","Ride with Karola, Richard and the Kiwis",23533,67.5,15149,467.372985839844,-0.100000001490116,168.699996948242,39.8626205364922,39.8405599747803,39.7795290813909,39.7813235395491,39.8562624583333,3.08229389797478,3.02859127818112,2.94575517233473,2.93890073748567,3.03623314640673,1
"122","959960286","Apr 26, 2017, 7:44:26 AM","Morning Ride to Sencelles with Richard, Mick and Dave",23843,106.63,16609,566.335998535156,-2.29999995231628,182.899993896484,39.8284555064103,39.6930616995832,39.643056564604,39.6992744950305,39.8341865091375,3.08201925192308,3.0090202202629,2.92199238217377,2.92609461782623,3.0308888416159,3
"123","964433096","Apr 28, 2017, 1:19:50 PM","Afternoon Ride to Pollenca",7112,17.58,3848,82.6424026489258,1.20000004768372,65.8000030517578,39.9024387759563,39.8864937773723,39.8768826934307,39.8832647372263,39.9000179653285,3.0660120582878,3.02674632481752,3.015263,3.02608898905109,3.06318857116788,9
"124","964434097","Apr 28, 2017, 6:56:54 AM","Morning Ride",19509,102.26,15225,434.816009521484,-2.29999995231628,178,39.8463059328255,39.7261187614266,39.6661619636301,39.7482089012816,39.8527732306893,3.08266357721607,2.99835851627424,2.88787213612747,2.90425052580533,3.03638441496363,1
"125","964434516","Apr 29, 2017, 8:09:05 AM","Ride with Karola and 312",27933,71.67,17337,412.928985595703,-2.29999995231628,135,39.8658756677668,39.797599486982,39.7458915078841,39.7831783083975,39.861550247158,3.0837463072974,3.07134959662633,3.03772633186652,2.97332854345435,3.04233420388706,3
"126","966153139","May 1, 2017, 7:20:40 AM","Morning Ride",25302,109.31,17044,592.288024902344,-2.29999995231628,143.800003051758,39.8382701400126,39.7249210274968,39.6336187190266,39.7073381634008,39.8363383386026,3.08087773324905,3.08835488906448,3.08312924873578,2.98915902528445,3.02060275118558,3
"127","969190739","May 3, 2017, 7:14:47 AM","Orient and Bunyola",29564,127.99,21039,1190.40002441406,1,564,39.8368970774987,39.7404375839123,39.7212692042235,39.6658922520716,39.8096413966854,3.0194099585783,2.87687515633351,2.74731294359797,2.86053532691794,3.01575587356322,3
"128","973482353","May 6, 2017, 10:38:16 AM","New route, bit dud out, but great destination cafe and better way home",13544,50.63,9336,523.283020019531,15.1000003814697,138.699996948242,53.487527408,53.505559872,53.4721733907692,53.45642764,53.4733197358374,-1.40715402461538,-1.30968968430769,-1.21959281353846,-1.27264349723077,-1.38730222167488,2
"129","980282397","May 10, 2017, 5:42:50 PM","Evening Ride",6036,26.22,4556,331.829010009766,45.0999984741211,145,53.4622595710843,53.4936669807229,53.4903682328106,53.4829191737033,53.4689799119421,-1.43494675301205,-1.42513315783133,-1.3966802774427,-1.43963897225573,-1.41889813751508,5
"130","996686835","May 20, 2017, 7:49:56 AM","Morning Ride",12985,72.13,9827,355.759002685547,17.7000007629395,150.100006103516,53.2549445010593,53.2799319067797,53.2735011414195,53.2512978564619,53.2582868898305,-1.21602289353814,-1.04205568538136,-0.958437628707627,-1.08313256938559,-1.23266424470339,2
"131","1002140057","May 23, 2017, 4:39:33 PM","Sunny Evening Ride",4911,26.58,4544,350.760009765625,45.0999984741211,145,53.4630368948598,53.4891139976636,53.4926746273364,53.4829998467836,53.4688073122807,-1.42834657827103,-1.43263254906542,-1.39524991004673,-1.43814645497076,-1.41952156608187,5
"132","1003827347","May 24, 2017, 5:21:27 PM","Evening Ride",5170,26.52,4542,348.816009521484,45.0999984741211,145,53.4637665384615,53.4910917237762,53.4921936177156,53.4832179172494,53.4691311528588,-1.42998334965035,-1.43010626107226,-1.39527121911422,-1.43834055594406,-1.4198884714119,5
"133","1007815217","May 27, 2017, 7:48:47 AM","Morning Ride",13340,73.84,10103,533.932006835938,18.5,150,53.2547824856247,53.2507681751176,53.2582574547831,53.2517073565081,53.2577161694561,-1.21977769001568,-1.03903962467329,-0.950428992681652,-1.06820208050183,-1.23054291317992,2
"134","1014842148","May 31, 2017, 6:33:35 PM","Evening Ride",2205,12.76,2201,218.389007568359,59.7000007629395,132,53.4606055105882,53.4687823576471,53.4859833929412,53.4781698423529,53.4597632995283,-1.41952435529412,-1.44138478823529,-1.44200671294118,-1.41920973411765,-1.41681506367925,6
"135","1018930616","Jun 3, 2017, 11:17:41 AM","Lunch Ride",5775,26.64,5407,426.018005371094,37,149,53.4724981474019,53.4992996755037,53.4837107412513,53.4830014634146,53.4695140976645,-1.41891086320255,-1.39003123329799,-1.38890360551432,-1.43921390562036,-1.41979809872611,9
"136","1041007619","Jun 17, 2017, 8:16:49 AM","1st Four Oaks ride, Chasewater and Iron Man",0,40.84,8294,305.814453125,95,183.5,52.5874654830097,52.60438297411,52.6505789700647,52.6573711885113,52.6339891408907,-1.84513590614887,-1.8929721407767,-1.93447234951456,-1.93243353398058,-1.85714920566802,8
"137","1051718943","Jun 24, 2017, 8:11:12 AM","Ride with North Birmingham CTC. Was longer but battery ran out",0,56.85,9315,504.752502441406,75.0999984741211,170,52.5777459337051,52.5294222521685,52.4774835734656,52.5082620576565,52.5641338977061,-1.85444233890954,-1.76645617534077,-1.66056554804712,-1.59493566769994,-1.62965800929944,8
"138","1062153975","Jul 1, 2017, 11:14:40 AM","Sutton Park on Mountain Bike",2426,6.34,2002,58.526798248291,123,157.800003051758,52.5831579021739,52.5860840181159,52.5792398218182,52.57028132,52.5631945927273,-1.85980418115942,-1.86174438405797,-1.86132672363636,-1.85702301818182,-1.84417386545455,6
"139","1064413853","Jul 2, 2017, 3:09:16 PM","Fields of Gold towards Lichfield",7338,30.13,5940,225.785049438477,85,151.399993896484,52.6079361443193,52.6357044790174,52.6654490040984,52.6422973739754,52.6065599190574,-1.85930712691914,-1.87575096724667,-1.83838530327869,-1.82842956045082,-1.83867312704918,9
"140","1070853464","Jul 6, 2017, 5:42:33 PM","Evening Ride",4150,22.82,3977,179.641510009766,89.9000015258789,173,52.6056185498615,52.6216298169209,52.6384319417476,52.6162227656033,52.5944619972261,-1.85784733102493,-1.87542059500693,-1.85362384882108,-1.82157839944522,-1.82240507350902,5
"141","1081860870","Jul 13, 2017, 5:13:20 PM","Evening Ride",5006,24.36,4645,209.881103515625,89.9000015258789,176,52.6057144110429,52.6276511167076,52.6349210970516,52.6294523734644,52.5995864938575,-1.8670094404908,-1.88084510565111,-1.88221188452088,-1.82840616830467,-1.8314041953317,5
"142","1084813196","Jul 15, 2017, 1:05:46 PM","Trying to go round Lichfield but ended up going through it. Need better map or Garmin",13150,52.67,10136,410.710662841797,68,154.699996948242,52.6246140899772,52.6672356264237,52.7186063863248,52.6886130205128,52.625643214245,-1.87759470785877,-1.89563441970387,-1.86056899430199,-1.82474948433048,-1.83469179316239,2
"143","1088416629","Jul 17, 2017, 5:19:40 PM","Evening Ride",7886,25.04,4322,165.834457397461,89.9000015258789,153,52.608015317942,52.6347867506596,52.6464840936675,52.6389857744063,52.6130923614776,-1.86036857915567,-1.88564522031662,-1.87678555540897,-1.84654460949868,-1.8285536121372,9
"144","1573736861","May 15, 2018, 9:10:01 AM","Ride from Châteauneuf-du-Pape to Orange etc",16957,57.37,10750,382.893615722656,26.7999992370605,121,44.0804247279451,44.1107180538827,44.1381470216587,44.113529051797,44.0869186427061,4.80998624511358,4.76647917591125,4.79479251769678,4.7432357769556,4.81378160095137,7
"145","2043512369","Dec 29, 2018, 10:11:51 AM","Berlin Bike Tour - 2nd half recorded",6562,7.84,3042,87.4164276123047,27.7000007629395,60.2999992370605,52.5078472734807,52.5133314917127,52.518125038674,52.5204723563536,52.5198600083102,13.3832370524862,13.378848218232,13.3779840359116,13.3872021878453,13.4033561135734,5
"146","2119023771","Feb 2, 2019, 9:33:28 AM","Sutton Park MTB with Gill and Martin",8864,14.16,5091,114.412261962891,118,154.300003051758,52.5840733165584,52.5678826178862,52.5591447837398,52.568411100813,52.5843409154472,-1.85989056818182,-1.86969800487805,-1.85618750894309,-1.84139448943089,-1.85845684878049,9
"147","2202267623","Mar 9, 2019, 8:17:29 AM","Windy ride Shugborough with Martin, David and Peter",21109,93.06,16436,836.367614746094,60.2999992370605,233.300003051758,52.650452976,52.743032773,52.8093306486667,52.7385550946667,52.6426972793333,-1.892627812,-2.00683329666667,-1.95934297933333,-1.84055455633333,-1.84950811566667,1
"148","2299601784","Apr 18, 2019, 7:09:39 AM","Mallorca Day 1 - Breezy but great",27716,101.28,16546,606.129638671875,-1.20000004768372,137.100006103516,39.8582637248781,39.7395175193496,39.6321881659076,39.7059318122967,39.850147339948,3.08510707089431,3.0268052195122,3.05668059108653,3.06545745868575,3.06278733767079,3
"149","2326711117","Apr 28, 2019, 4:03:47 PM","Quick Evening Ride",8071,48.87,7600,365.718475341797,60.7000007629395,163.199996948242,52.6256438446602,52.6847884750347,52.7300166796117,52.6839785339806,52.6190121353227,-1.87939652288488,-1.89528340915395,-1.83511270457698,-1.84334288973648,-1.82468532477446,10
"150","3176801994","Mar 12, 2020, 9:24:51 AM","Bonus Thursday Ride, breeze turbocharged on way out, headwinds on return",10069,52.47,9544,376.840881347656,50.4000015258789,136.600006103516,52.640889785527,52.6964509701101,52.7146926460409,52.6751066240168,52.6208213366544,-1.79108595175669,-1.66711028054536,-1.7099155584688,-1.76190215312008,-1.81771079916099,10
"151","3239129081","Mar 31, 2020, 3:45:43 PM","Evening Ride with K",4978,27.63,4740,207.069702148438,87.5999984741211,137.100006103516,52.6151472328767,52.6374538967334,52.6619589905163,52.6526265748945,52.6176611993671,-1.86674031506849,-1.87130524973656,-1.8538023256059,-1.84446133544304,-1.82951788396624,5
"152","3776791934","Jul 17, 2020, 5:36:53 PM","Evening Ride less missing 5 miles",4264,22.64,3993,205.831954956055,67.5999984741211,132.399993896484,52.6543753825,52.67610115,52.6623380337922,52.6372208185232,52.6112848110138,-1.7752841725,-1.79793449375,-1.83075225156446,-1.85055512515645,-1.86526518773467,5
"153","4105986571","Sep 24, 2020, 1:11:44 PM","Return from Langan Carpets",741,3.21,724,17.2233333587646,125.800003051758,164.5,52.5852212432432,52.5873743378378,52.5953319256757,52.6025837094595,52.6032083918919,-1.82926860135135,-1.83515247297297,-1.844572,-1.85197274324324,-1.85245511486486,6
"154","4463477608","Dec 12, 2020, 8:15:44 AM","Chris, the human mudguard - Return to the Skinny Kitten with Martin, David, Peter, Malcolm and partly Alan",15902,69.83,12070,522.677856445312,47.7000007629395,174,52.6304938654244,52.6951524550725,52.7534665763975,52.6957275221532,52.6124970960662,-1.80649993498965,-1.67490938385093,-1.68571431925466,-1.74651773913043,-1.82332798385093,7
"155","4512053344","Dec 24, 2020, 11:18:11 AM","Lunch Ride with K and another puncture!",5874,28.06,4617,268.945404052734,67.8000030517578,137.100006103516,52.6179195108225,52.6506443279221,52.6739041753247,52.6505621071429,52.6182842911255,-1.82356925,-1.77775166125541,-1.79774105411255,-1.84090138744589,-1.83018329112554,5
"156","4859340250","Feb 27, 2021, 9:53:14 AM","Great warm and sunny ride with Martin inc Chapel Lane, Cannock Chase and Tuppenhurst",14691,58.68,11105,643.498474121094,66.0999984741211,217.300003051758,52.6396404973924,52.6977267470665,52.7288788688845,52.7002859001957,52.6254258499674,-1.85534163102999,-1.91288572490222,-1.90517086366601,-1.87546240313112,-1.85957620417482,7
"157","5351633199","May 24, 2021, 9:33:07 AM","Barlborough to Bothamsall with Dave & Karola",16255,64.27,12598,456.555480957031,25.7000007629395,157.5,53.2653082035859,53.2526707079237,53.2574699705032,53.244826724118,53.273263474537,-1.23474168131868,-1.07809154829381,-1.00143593927126,-1.14495104511278,-1.24863396701389,7
"158","6306256849","Nov 25, 2021, 9:02:37 AM","Monster Bacon Sandwiches at the Honey Pot with Martin, Bob, Peter and Malcolm",15231,61.83,10843,453.306091308594,50.7999992370605,156.600006103516,52.6288634155932,52.689842320678,52.7340977735593,52.6932872645862,52.6168445386703,-1.80822537830508,-1.68550251389831,-1.64519246847458,-1.75079497218453,-1.82326912957938,7
"159","6777495400","Mar 5, 2022, 8:48:35 AM","House Coffee on Thorpe Estate with David, Malcolm, Martin and CJ",13419,60.8,10619,474.970245361328,51.5,156.699996948242,52.6221536817067,52.6863313197646,52.6941608577036,52.7000419838077,52.6218066830226,-1.81706932221677,-1.69618939087788,-1.63471118253189,-1.74060377870461,-1.81699540726202,2
